{
	"locked": true,
	"overlay": "assets/overlay3.png",
	"nextLevel": "json/map4.json",
	"hasCat": true,
	"ground": {
		"ground1": [
			800,
			568,
			1600,
			64
		],
		"ground2": [
			617.5,
			410,
			469.00000000000006,
			26
		],
		"ground3": [
			50,
			350
		],
		"ground4": [
			746.5,
			153,
			517,
			32
		],
		"ground5": [
			693.5,
			355,
			187,
			202
		],
		"ground6": [
			683.5,
			235.5,
			43,
			153
		],
		"ground7": [
			474,
			250,
			102,
			32
		],
		"ground8": [
			503,
			203.5,
			44,
			79
		]
	},
	"trigger": {
		"red1": [
			"600-200",
			"400-10"
		],
		"red2": [
			"600+200",
			"400-10"
		]
	},
	"bonus": {
		"bonus1": {
			"x": 627,
			"y": 212.42330971564647,
			"width": 48,
			"height": 48,
			"frame": 2
		},
		"bonus2": {
			"x": 829.8666604722208,
			"y": 74.514510404516,
			"width": 48,
			"height": 48,
			"frame": 0
		}
	},
	"key": {
		"key1": {
			"x": 744,
			"y": 204,
			"width": 48,
			"height": 48,
			"frame": 0
		}
	},
	"door": {
		"door1": {
			"x": 900,
			"y": 105,
			"width": 64,
			"height": 64
		}
	},
	"rock": {
		"rock1": {
			"x": 718,
			"y": 508,
			"width": 64,
			"height": 64
		}
	},
	"human": {
		"human1": {
			"x": 76,
			"y": 432,
			"width": 32,
			"height": 32,
			"frame": null
		},
		"human2": {
			"x": 475,
			"y": 320,
			"width": 32,
			"height": 32,
			"frame": null
		}
	}
}
