{
	"locked": false,
	"overlay": "assets/rockbeach.png",
	"hasSnail": true,
	"troll": {
		"troll": {
			"x": 118,
			"y": 244,
			"width": 48,
			"height": 48,
			"frame": 0
		}
	},
	"ground": {
		"ground1": {
			"x": 800,
			"y": 545.5,
			"width": 1600,
			"height": 109,
			"frame": null
		},
		"ground2": {
			"x": 336.00000518798794,
			"y": 377,
			"width": 447.99999450683623,
			"height": 44,
			"frame": null
		},
		"ground3": {
			"x": 230.00002227783068,
			"y": 235,
			"width": 54,
			"height": 32,
			"frame": null
		},
		"ground4": {
			"x": 316.0000155029287,
			"y": 118,
			"width": 234.00002087402208,
			"height": 32,
			"frame": null
		},
		"ground5": {
			"x": 863.4999959106449,
			"y": 422,
			"width": 265.00000817871023,
			"height": 154,
			"frame": null
		},
		"ground6": {
			"x": 875.4999962768557,
			"y": 323.5,
			"width": 43,
			"height": 71,
			"frame": null
		},
		"ground7": {
			"x": 344.0000042419431,
			"y": 240.5,
			"width": 182.00000665283164,
			"height": 69,
			"frame": null
		},
		"ground8": {
			"x": 102.49999490356478,
			"y": 362,
			"width": 142.9999939575199,
			"height": 96,
			"frame": null
		},
		"ground9": {
			"x": 647.5000188903797,
			"y": 301,
			"width": 49.00000299072258,
			"height": 24,
			"frame": null
		},
		"ground10": {
			"x": 317.999987976075,
			"y": 561.5,
			"width": 44,
			"height": 37,
			"frame": null
		},
		"ground11": {
			"x": 466.49998541259845,
			"y": 242.5,
			"width": 69.0000008544921,
			"height": 71,
			"frame": null
		},
		"ground12": {
			"x": 530.4999815063488,
			"y": 464.5,
			"width": 65.00000109863277,
			"height": 153,
			"frame": null
		},
		"ground13": {
			"x": 755.0000123291007,
			"y": 109,
			"width": 117.99999877929712,
			"height": 32,
			"frame": null
		},
		"ground14": {
			"x": 518.4999822387706,
			"y": 174.5,
			"width": 35.0000029296873,
			"height": 23,
			"frame": null
		},
		"ground15": {
			"x": 519.4999821777352,
			"y": 130,
			"width": 69.0000008544921,
			"height": 68,
			"frame": null
		},
		"ground16": {
			"x": 512.4999826049815,
			"y": 202,
			"width": 35.0000029296873,
			"height": 28,
			"frame": null
		}
	},
	"water": {
		"water1": {
			"x": 589.9999676513692,
			"y": 457,
			"width": 64,
			"height": 64,
			"frame": 8
		},
		"water2": {
			"x": 651.9999736328141,
			"y": 393,
			"width": 66,
			"height": 64,
			"frame": 10
		},
		"water3": {
			"x": 713.9999600830103,
			"y": 393,
			"width": 64,
			"height": 64,
			"frame": 7
		},
		"water4": {
			"x": 588.9999749145522,
			"y": 393,
			"width": 64,
			"height": 64,
			"frame": 7
		},
		"water5": {
			"x": 776.9999597778344,
			"y": 393,
			"width": 64,
			"height": 64,
			"frame": 10
		},
		"water6": {
			"x": 653.999967590334,
			"y": 457,
			"width": 64,
			"height": 64,
			"frame": 9
		},
		"water7": {
			"x": 779.9999638671898,
			"y": 456,
			"width": 64,
			"height": 64,
			"frame": 9
		},
		"water8": {
			"x": 716.499969757082,
			"y": 457,
			"width": 60.99999237060592,
			"height": 64,
			"frame": 8
		},
		"water9": {
			"x": 744.9999636230491,
			"y": 421.5,
			"width": 64,
			"height": 64,
			"frame": 8
		}
	},
	"trigger": {
		"red1": {
			"x": 543.9999967041017,
			"y": 354,
			"width": 32,
			"height": 32,
			"frame": null
		},
		"red2": {
			"x": 404.00000378417946,
			"y": 239,
			"width": 32,
			"height": 32,
			"frame": null
		}
	},
	"bonus": {
		"bonus1": {
			"x": 352.99999291992236,
			"y": 59,
			"width": 48,
			"height": 48,
			"frame": 0
		},
		"bonus2": {
			"x": 879.000004821777,
			"y": 179,
			"width": 48,
			"height": 48,
			"frame": 0
		}
	},
	"key": {
		"key1": {
			"x": 756.9999974975588,
			"y": 66,
			"width": 48,
			"height": 48,
			"frame": 0
		}
	},
	"door": {
		"door1": {
			"x": 402.99999456787145,
			"y": 458,
			"width": 64,
			"height": 64,
			"frame": 4
		}
	},
	"rock": {
		"rock1": {
			"x": 865.9999689941425,
			"y": 255,
			"width": 64,
			"height": 64,
			"frame": 0
		},
		"rock2": {
			"x": 270.000009216308,
			"y": 60.00000000000006,
			"width": 64,
			"height": 64,
			"frame": 0
		}
	},
	"human": {
		"human1": {
			"x": 352.0000054931637,
			"y": 302,
			"width": 32,
			"height": 32,
			"frame": null
		}
	}
}