{
	"locked": true,
	"overlay": "assets/overlay3.png",
	"hasCat": true,
	"originalLevel": 3,
	"ground": {
		"ground1": [
			800,
			568,
			1600,
			64
		],
		"ground2": [
			617.5,
			410,
			469.00000000000006,
			26
		],
		"ground3": {
			"x": 52.49999984741213,
			"y": 350,
			"width": 404.9999996948243,
			"height": 32,
			"frame": null
		},
		"ground4": [
			746.5,
			153,
			517,
			32
		],
		"ground5": [
			693.5,
			355,
			187,
			202
		],
		"ground6": [
			683.5,
			235.5,
			43,
			153
		],
		"ground7": {
			"x": 477.499999786377,
			"y": 250,
			"width": 95.0000004272461,
			"height": 32,
			"frame": null
		},
		"ground8": [
			503,
			203.5,
			44,
			79
		]
	},
	"trigger": {
		"red1": {
			"x": 409.99999938964845,
			"y": 388.5,
			"width": 32,
			"height": 32,
			"frame": null
		},
		"red2": [
			"600+200",
			"400-10"
		]
	},
	"bonus": {
		"bonus1": {
			"x": 627,
			"y": 212.42330971564647,
			"width": 48,
			"height": 48,
			"frame": 2
		},
		"bonus2": {
			"x": 829.8666604722208,
			"y": 74.514510404516,
			"width": 48,
			"height": 48,
			"frame": 0
		}
	},
	"key": {
		"key1": {
			"x": 744,
			"y": 204,
			"width": 48,
			"height": 48,
			"frame": 0
		}
	},
	"door": {
		"door1": {
			"x": 900,
			"y": 105,
			"width": 64,
			"height": 64
		}
	},
	"rock": {
		"rock1": {
			"x": 718,
			"y": 508,
			"width": 64,
			"height": 64
		}
	},
	"human": {
		"human1": {
			"x": 76,
			"y": 432,
			"width": 32,
			"height": 32,
			"frame": null
		},
		"human2": {
			"x": 475,
			"y": 320,
			"width": 32,
			"height": 32,
			"frame": null
		}
	}
}
